candidate_id,file_name,file_type,raw_text,cleaned_text,candidate_name,current_position,years_of_experience,education,gpa,technical_skills,soft_skills,programming_languages,frameworks,libraries,databases,cloud_platforms,devops_tools,operating_systems,testing_tools,certifications,projects,work_experience,achievements,industries,domains,spoken_languages,keywords
NongVanSam_Backend_Intern,NongVanSam_Backend_Intern.pdf,pdf,"NONG VAN SAM
Map-marker-alt Hanoi, Vietnam | Phone-Alt 0384532120 | Envelope samnv.work@gmail.com
Github github.com/donaldsam001 | LINKEDIN Van Sam Nong
SUMMARY
Fourth-year Information Technology student with a strong foundation in Backend Development, specializing in Java and Spring
Boot. Experienced in building RESTful APIs, authentication and authorization using Spring Security, JWT and OAuth2, and
database-driven applications. Hands-on experience with Docker, GitLab CI/CD, Linux, Bash and Networking. Seeking a
part-time Backend Intern position to apply backend development experience while developing skills in CI/CD, containerization,
automation and system operations.
EDUCATION
Hanoi University of Civil Engineering – HUCE 2023–Present
Engineer of Information Technology
GPA: 3.15/4.00
CERTIFICATIONS
TOEIC: 700
TECHNICAL SKILLS
DevOps: Docker, Docker Compose, GitLab CI/CD, Git, Linux/Ubuntu, Bash, Networking, CI/CD
Backend: Java, Spring Boot, RESTful API, Spring Security, OAuth2, JWT, Spring Data JPA, Hibernate
Frontend: Next.js, React, TypeScript, JavaScript, Tailwind CSS
Database: MySQL, MongoDB, SQLite
Testing: MockMVC, Testcontainers, Postman
Programming: Java, Python, C/C++, TypeScript
Others: Trello, Antigravity, Codex
PROJECTS
Airline Ticket Sales Platform – Full-Stack Application 2026
• Developed an aviation booking platform using Java, Spring Boot, RESTful APIs and Next.js, supporting flight search,
booking, passenger management and user account workflows.
• Implemented authentication and role-based authorization using Spring Security and JWT, supporting customer and
administrative access across the application.
• Built authenticated user profile management with Next.js, TypeScript and REST APIs, including personal information
updates, password changes, client-side validation and authentication-state synchronization.
• Designed persistence using MySQL, Spring Data JPA and Hibernate for flights, bookings, passengers, tickets, users and
payment-related data.
• Implemented API and integration testing with MockMVC and Testcontainers and containerized application services using
Docker.
• Practiced deployment and development workflows with Git, GitLab CI/CD, Docker Compose and Linux, troubleshooting
environment variables, networking, ports and service dependencies.
• GitHub: Backend | Frontend
HealCode Telegram – Developer Error Auto-Fix Integration 2026
• Developed an asynchronous Python Telegram bot integrating developers with the HealCode error auto-fix service through
repository registration and automated error-reporting workflows.
• Implemented SQLite persistence with aiosqlite for Telegram identities, chat IDs, repository mappings and HealCode tokens,
including migration support for legacy user data.
• Built a secure repository setup flow supporting GitHub/GitLab HTTPS URL validation, branch configuration and automatic
HealCode token generation.
• Implemented token lifecycle operations including creation, lookup, deletion and chat-based repository/token mapping for
asynchronous error notifications.
• Designed the integration to restore authenticated client sessions and handle expired credentials without interrupting the Telegram
bot workflow.
• Used Python, python-telegram-bot, aiosqlite, REST APIs, Git and environment-based configuration to build an
automation-focused developer tool.
• GitHub: github.com/donaldsam001/healcode-telegram",nong van sam map marker alt hanoi vietnam phone alt 0384532120 envelope github github.com donaldsam001 linkedin van sam nong summary fourth year information technology student strong foundation backend development specializing java spring boot experienced building restful apis authentication authorization using spring security jwt oauth2 database driven application hand experience docker gitlab ci cd linux bash networking seeking part time backend intern position apply backend development experience developing skill ci cd containerization automation system operation education hanoi university civil engineering huce 2023 present engineer information technology gpa 3.15 4.00 certification toeic 700 technical skill devops docker docker compose gitlab ci cd git linux ubuntu bash networking ci cd backend java spring boot restful api spring security oauth2 jwt spring data jpa hibernate frontend next.js react typescript javascript tailwind cs database mysql mongodb sqlite testing mockmvc testcontainers postman programming java python c++ typescript others trello antigravity codex project airline ticket sale platform full stack application 2026 developed aviation booking platform using java spring boot restful apis next.js supporting flight search booking passenger management user account workflow implemented authentication role based authorization using spring security jwt supporting customer administrative access across application built authenticated user profile management next.js typescript rest apis including personal information update password change client side validation authentication state synchronization designed persistence using mysql spring data jpa hibernate flight booking passenger ticket user payment related data implemented api integration testing mockmvc testcontainers containerized application service using docker practiced deployment development workflow git gitlab ci cd docker compose linux troubleshooting environment variable networking port service dependency github backend frontend healcode telegram developer error auto fix integration 2026 developed asynchronous python telegram bot integrating developer healcode error auto fix service repository registration automated error reporting workflow implemented sqlite persistence aiosqlite telegram identity chat id repository mapping healcode token including migration support legacy user data built secure repository setup flow supporting github gitlab http url validation branch configuration automatic healcode token generation implemented token lifecycle operation including creation lookup deletion chat based repository token mapping asynchronous error notification designed integration restore authenticated client session handle expired credential without interrupting telegram bot workflow used python python telegram bot aiosqlite rest apis git environment based configuration build automation focused developer tool github github.com donaldsam001 healcode telegram,NONG VAN SAM,,0,"[{'university_name': 'Hanoi University', 'faculty': None, 'degree': None, 'major': None, 'gpa': '3.15', 'start_date': None, 'end_date': '2026-08'}]",3.15,"['Bash', 'C', 'C++', 'CI/CD', 'Docker', 'Git', 'GitLab CI', 'Hibernate', 'Java', 'JavaScript', 'MongoDB', 'MySQL', 'Next.js', 'Postman', 'Python', 'React', 'REST API', 'Spring Boot', 'SQLite', 'TypeScript']",[],"['Bash', 'C', 'C++', 'Java', 'JavaScript', 'Python', 'TypeScript']","['Next.js', 'React', 'Spring Boot']",['Hibernate'],"['MongoDB', 'MySQL', 'SQLite']",[],"['CI/CD', 'Docker', 'Git', 'GitLab CI']",['Linux'],['Postman'],"[{'certification_name': 'TOEIC: 700', 'issuer': None, 'issue_date': None, 'expiration_date': None}]","[{'project_name': 'Airline Ticket Sales Platform', 'role': None, 'technologies': ['CI/CD', 'Docker', 'Git', 'GitLab CI', 'Hibernate', 'Java', 'JavaScript', 'MySQL', 'Next.js', 'Python', 'REST API', 'Spring Boot', 'SQLite', 'TypeScript'], 'description': 'Developed an aviation booking platform using Java, Spring Boot, RESTful APIs and Next.js, supporting flight search, booking, passenger management and user account workflows. Implemented authentication and role-based authorization using Spring Security and JWT, supporting customer and administrative access across the application. Built authenticated user profile management with Next.js, TypeScript and REST APIs, including personal information updates, password changes, client-side validation and authentication-state synchronization. Designed persistence using MySQL, Spring Data JPA and Hibernate for flights, bookings, passengers, tickets, users and payment-related data. Implemented API and integration testing with MockMVC and Testcontainers and containerized application services using Docker. Practiced deployment and development workflows with Git, GitLab CI/CD, Docker Compose and Linux, troubleshooting environment variables, networking, ports and service dependencies. GitHub: Backend | Frontend HealCode Telegram – Developer Error Auto-Fix Integration 2026 Developed an asynchronous Python Telegram bot integrating developers with the HealCode error auto-fix service through repository registration and automated error-reporting workflows. Implemented SQLite persistence with aiosqlite for Telegram identities, chat IDs, repository mappings and HealCode tokens, including migration support for legacy user data. Built a secure repository setup flow supporting GitHub/GitLab HTTPS URL validation, branch configuration and automatic HealCode token generation. Implemented token lifecycle operations including creation, lookup, deletion and chat-based repository/token mapping for asynchronous error notifications. Designed the integration to restore authenticated client sessions and handle expired credentials without interrupting the Telegram bot workflow. Used Python, python-telegram-bot, aiosqlite, REST APIs, Git and environment-based configuration to build an automation-focused developer tool. GitHub: github.com/donaldsam001/healcode-telegram'}]",[],[],['Education'],"['Backend Development', 'DevOps']",[],"['Backend Development', 'Bash', 'C', 'C++', 'CI/CD', 'DevOps', 'Docker', 'Git', 'GitLab CI', 'Hibernate', 'Java', 'JavaScript', 'MongoDB', 'MySQL', 'Next.js', 'Postman', 'Python', 'React', 'REST API', 'Spring Boot', 'SQLite', 'TOEIC: 700', 'TypeScript']"
